id,strategyId,brandName,principles,communicationFramework,bannedWords,registerRules,voiceDescription,createdAt,updatedAt
95d3208c-979c-4e43-ace0-7ebeb5d9783d,,Divido,"1. We are a regulated platform first. FRA regulation is not a footnote. It is our opening credential.
2. The numbers carry the argument. Every claim requires a specific number, regulatory reference, or verifiable fact.
3. The founding story is a proof of concept. Nadeem Al Rabey rebuilt from a collapsed venture — that story is the clearest evidence we have that the team understands what it costs to build something real in this region.","The P.R.I.D.E. System:

P — Precise: Every claim requires a specific number, date, or regulatory reference. No vague superlatives.
R — Regulated: FRA regulatory credential appears on the first page of every document without exception.
I — Investable: Every document answers three questions — What am I getting? When do I get it? How do I get out?
D — Direct: Every document ends with one specific, unambiguous ask. Not a list of next steps. One ask.
E — Earned Trust: The founding story is proof of competence. Deploy it where investors evaluate team quality.","Disrupting / disruption, Game-changing, Democratising investment, Excited to announce, World-class, We believe / We feel, Passive voice constructions","Institutional Register: Lead with FRA credential and asset fundamentals. Zero founder story unless asked. All numbers, all documentation.

High-Net-Worth Register: Balance regulation with accessibility. Use founding story to build personal trust. Make the product feel attainable without simplifying it.

Strategic Partner Register: Lead with market thesis. Show commercial logic before product details. Founder story is relevant as proof of execution.","Divido occupies a specific position: a regulated institutional-grade platform with an unfiltered founder story. The tone must hold both simultaneously. We are serious without being sterile. Personal without being casual. Confident without being arrogant.

Words we use: FRA-regulated, fractional ownership, rental yield, quarterly valuation, Grade A assets, secondary market, Egypt housing deficit, institutional access, exit liquidity, verified returns, earned confidence (We have built. We have deployed. We have navigated.)

The Invisible CTA: We do not pitch Divido at the end of documents. We build the case throughout so that by the time the reader reaches the ask, the conclusion feels like their own.",2026-04-22T14:51:16.757Z,2026-04-22T14:51:16.757Z
