id,configName,creatorsCategory,analysisInstruction,newConceptsInstruction
11280395-1ce7-4d15-8c6d-649cd5b82519,projectdivido,proptech-fractional-real-estate,"Follow this exact process for every viral video you analyze. Do not skip steps.

STEP 1: FIND THE VIDEO 

Where to Look

Do NOT limit yourself to finance or investment content. The best viral mechanics often come from unrelated niches.

Search these categories on TikTok and Instagram every Monday:

• Personal finance (any language, any market)
• Business/entrepreneurship
• Tech/gadget reviews
• Cooking/recipes (yes, cooking teaches structure and pacing)
• Fitness/workout explainers
• Productivity/life hacks
What Qualifies as Viral

Metrics to look for:

• 500K+ views (TikTok or Instagram Reels)
• OR: 50K+ views from creator with under 10K followers (overperforming content)
• 10K+ comments (engagement indicates curiosity or debate)
• OR: High save rate visible in comments (people saying save, bookmarked, need this later)
Weekly Target

Lara finds 10-15 viral videos every Monday. Hana reviews the list Monday afternoon and selects the top 5 for deep deconstruction. By Tuesday morning, both of you have deconstructed all 5 using the template below.

STEP 2: DECONSTRUCT THE 7 LEGO BRICKS

Use this exact template for every video you analyze. Copy this into a Google Doc and fill it out.

VIRAL VIDEO DECONSTRUCTION TEMPLATE

Video Link:

_______________________________________________

Creator Name + Follower Count:

_______________________________________________

Views / Likes / Comments / Saves:

_______________________________________________

BRICK 1: TOPIC
What is this video about in one sentence?

_______________________________________________

Why does the target audience care about this topic?

_______________________________________________

Divido Adaptation Question: Is there an investment/financial equivalent of this topic?

Example: Cooking video about Why restaurant pasta tastes better → Divido version: Why bank certificates feel safe but aren't

_______________________________________________

BRICK 2: ANGLE
What is the unique perspective or contrarian take?

_______________________________________________

What common belief is this video challenging?

_______________________________________________

Divido Adaptation Question: What Egyptian investment belief can we challenge with this angle?

Example: Fitness video angle: Cardio doesn't burn fat, lifting does → Divido angle: Certificates don't protect wealth, real assets do

_______________________________________________

BRICK 3: HOOK STRUCTURE (FIRST 3 SECONDS)
This is the most important brick. Triple alignment required:

Visual Hook (What do you see in the first frame?):

_______________________________________________

Spoken Hook (What are the first words spoken?):

_______________________________________________

Text Overlay Hook (What text appears on screen?):

_______________________________________________

Do all three align to confirm the same promise? (Yes/No)

_______________________________________________

Divido Adaptation: How can we create triple alignment for an investment hook?

Example: Tech review hook: Hand holding phone with crack + This phone survived a 10-foot drop + Text: Indestructible → Divido hook: Hand holding bank certificate with red X appearing + 27% sounds great until you lose 13% + Text: Your certificate is losing money

_______________________________________________

BRICK 4: STORY STRUCTURE
What story format does this video use?

• Case study (I tried X, here's what happened)
• Listicle (3 things you need to know about X)
• Problem-solution (Here's the problem, here's how to fix it)
• Myth-busting (Everyone thinks X, but actually Y)
• Comparison (X vs Y, which is better)
_______________________________________________

Divido Adaptation: Can we use this same story structure for investment content?

Example: Recipe video uses listicle (3 ingredients for perfect pasta) → Divido version: 3 things Egyptian investors get wrong about real estate

_______________________________________________

BRICK 5: VISUAL FORMAT
What is the camera/layout style?

• Talking head (person speaking directly to camera)
• POV/hands-only (viewer's perspective)
• Split screen (side-by-side comparison)
• Screen recording with voiceover
• B-roll montage with text overlay
_______________________________________________

Divido Adaptation: Can Nadeem or the Driven creators replicate this visual format?

_______________________________________________

BRICK 6: KEY VISUALS
What specific visual elements help the viewer understand?

• Arrows pointing to key details
• Circles highlighting important parts
• Numbers/stats animated on screen
• Before/after comparisons
• Graphics showing process/timeline
_______________________________________________

Divido Adaptation: What motion graphics or B-roll does Suliman need to add?

Example: Cooking video shows timer counting down → Divido version: Graph showing EGP devaluation over time with animated line dropping

_______________________________________________

BRICK 7: AUDIO
What is the music/sound strategy?

• Trending audio (recognizable song)
• Original voiceover only (no music)
• Background music (subtle, not distracting)
• Sound effects timed to visual beats
_______________________________________________

Divido Adaptation: Should we use trending audio or focus on voiceover clarity?

Rule: For educational investment content, voiceover clarity > trending audio. Use subtle background music only.

_______________________________________________

STEP 3: IDENTIFY THE WINNING BRICKS

Not all 7 bricks are equally strong in every video. Your job: find the 2-3 bricks that made this video go viral.

Questions to Ask

• Which brick stopped me from scrolling? (Usually Hook or Visual Format)
• Which brick made me watch until the end? (Usually Story Structure or Angle)
• Which brick made me want to comment or share? (Usually Angle or Topic)
Example Analysis:

Viral cooking video: Why restaurant pasta tastes better

• Winning Brick 1: Hook (visual of pasta water being salted heavily + spoken: You're not using enough salt)
• Winning Brick 2: Angle (contrarian take: The secret isn't the sauce, it's the water)
• Winning Brick 3: Story Structure (myth-busting format keeps viewer engaged)
Decision: Keep these 3 bricks. Adapt them to Divido. Replace weaker bricks (audio was generic trending sound, visual format was standard talking head).

STEP 4: ADAPT TO DIVIDO'S VOICE

This is where most teams fail. They copy the viral video exactly and it feels off-brand. You must translate viral mechanics into Divido's specific voice.

Divido's Voice (Non-Negotiable Rules)

• Language: Egyptian Arabic (not MSA, not English unless targeting expats)
• Tone: Transparent, founder-led, no hype or FOMO tactics
• Data: Always include specific numbers (27% certificate rate, 40% EGP devaluation, etc.)
• Honesty: Acknowledge risks, lock-up periods, exit mechanics upfront
• CTA: Native embeds only (mention calculator, app, or email course naturally in story)
• Polarization: Include one statement designed to spark debate in comments
Translation Examples

Example 1: Fitness Video → Divido Investment Video

Original (Fitness)
Divido Adaptation
Topic: Why cardio doesn't burn fat
Topic: Why bank certificates don't protect wealth
Hook: Person running on treadmill + You're wasting your time + Text: Cardio ≠ Fat Loss
Hook: Hand holding certificate + You're losing 13% per year + Text: 27% - 40% = -13%
Angle: Lifting builds muscle, muscle burns fat at rest
Angle: Real assets appreciate while EGP depreciates
Story: Myth-busting format (Everyone thinks X, but actually Y)
Story: Same myth-busting format (Everyone trusts certificates, but the math says otherwise)
 

Example 2: Cooking Video → Divido Investment Video

Original (Cooking)
Divido Adaptation
Topic: 3 ingredients for restaurant-quality pasta
Topic: 3 things Egyptian investors get wrong about real estate
Hook: Pasta being lifted from pot + The secret isn't the sauce + Text: 3 Ingredients
Hook: Property deed close-up + You don't need millions + Text: 3 Myths
Story: Listicle (1. Salt the water heavily, 2. Save pasta water, 3. Finish in the pan)
Story: Listicle (1. You need EGP 1M to start, 2. Exit is impossible, 3. Only for experts)
CTA: Drop recipe link in comments
CTA: Free calculator in bio shows you the real numbers (native embed, not interruption)
 

STEP 5: WRITE THE SCRIPT (Lara) + APPROVE (Hana)

Now that you have deconstructed the viral video and adapted it to Divido's voice, Lara writes the actual script.

Script Template (60-Second TikTok)

HOOK (0-3 seconds):

• Visual: [Describe what viewer sees in first frame]
• Spoken: [First sentence - max 10 words]
• Text Overlay: [Confirm the promise]
BODY (3-50 seconds):

• Follow chosen story structure (listicle, myth-busting, comparison)
• Include specific numbers/data
• Include one polarizing statement for comments cyclone
CTA (50-60 seconds):

• Native embed (mention calculator, email course, or app naturally)
• Never say: Click link in bio, Download now, Sign up here. Instead: The free calculator shows you the exact numbers, link in bio
Hana's Approval Checklist

Before approving Lara's script, check all of these:

• □ Triple alignment present in hook (visual + spoken + text)
• □ Contrarian angle that challenges common Egyptian belief
• □ Specific numbers included (not vague claims)
• □ Script reads aloud in under 60 seconds
• □ One polarizing statement for debate
• □ CTA is native embed (not interruption)
• □ Voice sounds like Divido (transparent, founder-led, no hype)
THE WEEKLY WORKFLOW

This is how Lara and Hana work together every single week:

MONDAY

• 9am-12pm: Lara finds 10-15 viral videos across all niches (finance, cooking, fitness, tech, productivity)
• 1pm-3pm: Hana reviews list, selects top 5 for deep deconstruction
TUESDAY

• Morning: Both Lara and Hana deconstruct all 5 videos using the template (7 Lego Bricks analysis)
• Afternoon: Lara writes 7 scripts adapting viral mechanics to Divido voice
WEDNESDAY

• Morning: Hana reviews all 7 scripts using approval checklist
• Afternoon: Lara revises based on Hana feedback, Hana gives final approval
THURSDAY

• Lara writes carousel copy (2 carousels) and LinkedIn posts (2 posts for Nadeem)
FRIDAY

• Morning: Final script delivery to Nadeem/Amged/Driven creators
• Afternoon: Content shooting session (all 7 videos batched)
REMEMBER

Virality is not magic. It is mechanical. Every viral video is built from 7 decisions. Your job is to identify those decisions, keep what works, replace what doesn't, and translate everything into Divido's voice.

The best viral mechanics often come from niches completely unrelated to finance:

• Cooking videos teach structure and pacing
• Fitness videos teach contrarian angles
• Tech reviews teach triple alignment hooks
• Productivity content teaches listicle formats","Adapt this video for ProjectDivido, we are a Fractional Real Estate Investment app in Egypt, and we have Premium and Luxury Real Estate working with the biggest, most reputable developers in Egypt and the biggest asset managers that have real estate funds. We combine knowledge, expertise, and Gen-Z lifestyle feel. Like Selling-Sunset, we have a group of beautiful real estate agents working for us to try to sell fractions via our app.

Task:
Give us 3 NEW video concepts inspired by the ORIGINAL reference.
Do not copy the original.
Translate the core idea into the real estate/investor context.
MAINLY iterate and sharpen the HOOKS.

Focus:
- First 3 seconds must stop an investor from scrolling
- Hooks should challenge a belief, fear, or misconception that investors have
- Calm authority > hype
- Emotional credibility > performance
- No shouting, no buzzwords, no exaggeration

The output should have Callaway's format:

# CONCEPT 1
Text description (1-3 sentences)

## HOOK
Detailed hook description (1-3 sentences)
Describe:
- What is seen in the first 2 seconds
- What is said in the first line
- Why this hook works specifically for investors 35+

## SCRIPT
Detailed script description (1-20 sentences, as many as needed)
Include:
- Scene flow
- Spoken text / voiceover
- Clear but understated payoff
- Subtle authority, not selling

# CONCEPT 2
...

# CONCEPT 3
..."
