id,title,platform,contentPillar,hook,body,cta,status,sourceVideoId,sourceCompetitor,strategyName,generatedAt,laraApprovedAt,laraNotes,hanaApprovedAt,hanaNotes,briefGeneratedAt,scheduledAt,filmedAt,postedAt,performanceViews,performanceLikes
8fc42c38-ccb7-4284-87f6-5968bf74bc0f,Script from @marcel.remus — Bank Certificate Trap,tiktok,Bank Certificate Trap,"## HOOK
**VISUAL:** First frame shows a car landing on a rooftop at golden hour, camera at ground level. A well-dressed client steps out, briefcase in hand, greeted by Divido in a tailored suit—no handshake, just a subtle nod. Second 2-3: They walk toward a apartment entrance in silence.

**SPOKEN (Voiceover begins at second 3):** ""Most people think luxury real estate is about the property...""

**Why this works:** Investors 35+ recognize that real deals happen quietly, not loudly. The car signals serious capital without being gaudy, and the calm arrival suggests this is routine business, not theater. The opening line immediately challenges the surface-level understanding of luxury transactions, promising insider perspective.

","## SCRIPT
[0:00-0:03] car touches down. Client exits. Divido waits. No smiles, just professional acknowledgment.

[0:03-0:08] Walking through the apartment entrance. Voiceover: ""Most people think luxury real estate is about the property. It's not.""

[0:08-0:14] Divido's team—three agents in understated elegance—are already inside, each stationed at strategic points. One reviews documents, another adjusts window treatments for optimal light, the third speaks quietly with the building's portfolio manager.

[0:14-0:20] Voiceover: ""It's about the 60 hours of preparation you never see."" Quick cuts: title deed verification, privacy compliance checks, wealth manager coordination calls.

[0:20-0:28] The client walks through spaces slowly. No hard sell. Divido points out structural details—column placement, acoustic engineering, discrete service elevator access. His team provides folders without speaking.

[0:28-0:35] One agent shows building's tenant mix analysis. Another presents 10-year district development projections. The client nods, asks one question about property management discretion.

[0:35-0:42] Exterior shot from the terrace—Cairo skyline, but the focus is on the client and Divido having a quiet conversation, pointing at district below. Voiceover: ""By the time they arrive, the decision is 80% made.""

[0:42-0:48] Client signs preliminary documents at a marble counter. One fountain pen. No celebration. Team member makes a single phone call.

[0:48-0:52] Client returns to car. Divido watches departure, then turns back to his team. Final voiceover: ""This is what a $20 million transaction actually looks like.""

---

# CONCEPT 2
Divido conducts a private dinner at an off-market apartment for three potential buyers, positioning himself not as an agent but as a curator matching the right investor to a legacy property. The video challenges the belief that luxury real estate is a competitive bidding war, showing instead how true high-net-worth deals are collaborative and relationship-based.

## HOOK
**VISUAL:** First frame is a table being set in a stunning apartment—Michelin-quality plating, Cairo skyline through floor-to-ceiling windows at dusk. Camera pulls back to reveal this isn't a restaurant—it's a property. Divido enters frame adjusting his cufflinks, surveys the setup with approval.

**SPOKEN (Voiceover begins at second 2):** ""I never list properties above $15 million...""

**Why this works:** Investors 35+ understand that the most valuable opportunities aren't publicly marketed. The unexpected setting (formal dinner in an unlisted property) immediately signals access to a different tier of deal-making. The opening statement contradicts standard real estate practice, demanding explanation.

## SCRIPT
[0:00-0:03] Elegant table setting in apartment. Candles. City lights emerging. Divido walks through, nods to private chef.

[0:03-0:08] Voiceover: ""I never list properties above $15 million. I introduce them."" Three black cars arrive at building entrance below.

[0:08-0:15] Divido greets three guests separately—a European family office manager, a tech entrepreneur, and a private equity principal. Handshakes. Quiet welcomes. Each is given a leather folder as they enter.

[0:15-0:22] They're seated. Divido doesn't sit at the head of the table—he sits in the middle. Voiceover: ""These three investors aren't competing. They're being evaluated.""

[0:22-0:30] First course served. Conversation flows—not about the property yet, but about portfolio strategy, succession planning, Cairo's regulatory environment. Divido listens more than speaks. One of his agents (elegant, composed) provides a discreet data sheet.

[0:30-0:38] Between courses, guests naturally stand and explore. Divido walks with each individually—different conversation for each person. One discusses rental yield privacy. Another asks about seller's motivation. The third inquires about building governance.

[0:38-0:45] Back at the table, the family office manager asks a specific question about ownership structure. Divido answers with precision—no hesitation, just facts. His agent provides supporting documentation within seconds.

[0:45-0:50] Voiceover: ""By dessert, I know which investor should own this property. Sometimes, it's none of them."" Shot of Divido observing the dynamic, reading the room.

[0:50-0:55] Guests depart. One lingers—brief, private conversation with Divido. Handshake. Final voiceover: ""Real estate at this level isn't about selling. It's about alignment.""

---

# CONCEPT 3
Divido and his team prepare for and execute a 48-hour ""property transition"" for a celebrity client relocating to Cairo, showing the unsexy logistics that make luxury seamless. The video dismantles the Instagram fantasy of luxury real estate by showing the operational excellence and discretion that protect client privacy and ensure smooth high-stakes moves.

## HOOK
**VISUAL:** First frame is a close-up of Divido's hand holding a phone showing a flight itinerary—landing time: 22:40. Camera pulls back: he's in a car at night, tablet on his lap with property floor plans, speaking into an earpiece. His expression is focused, not excited.

**SPOKEN (First line at second 1):** ""Client lands in 90 minutes. Property isn't ready.""

**Why this works:** Investors 35+ respect operational competence under pressure. The immediate problem (time constraint + unfinished setup) creates tension without drama. It signals that luxury service isn't about showing properties—it's about solving complex logistical problems with discretion. The calm delivery despite urgency conveys mastery.

## SCRIPT
[0:00-0:04] Divido in car at night, reviewing flight details. Phone to ear: ""Client lands in 90 minutes. Property isn't ready."" Car pulls up to a tower. He exits with purpose.

[0:04-0:10] Elevator up. Voiceover: ""A celebrity's first night in Cairo. Total privacy. Zero mistakes."" Doors open—his team is already inside the apartment, executing a detailed checklist.

[0:10-0:18] Quick cuts showing coordinated activity: One agent confirming smart home system integration. Another overseeing art installation placement (wrapped pieces being carefully positioned). Security specialist installing discrete camera coverage. Refrigerator being stocked with specific dietary requirements from a client profile.

[0:18-0:25] Divido walks through, inspecting. He catches a detail—bathroom amenities are standard building stock. Quiet instruction to an assistant. Within 90 seconds, replacement luxury products arrive from storage. Voiceover: ""They'll never notice what we got right. They'll always notice what we got wrong.""

[0:25-0:33] One of his senior agents approaches with a tablet—building's other residents have been notified of ""scheduled maintenance"" during arrival window to ensure lobby privacy. Underground parking secured. Voiceover: ""Luxury isn't what you see. It's what you never have to think about.""

[0:33-0:40] Divido receives text: client's flight landed early. Team accelerates—no panic, just efficiency. Final checks. Lights adjusted. Temperature set. Window treatments positioned. One agent does a complete walk-through with a checklist.

[0:40-0:46] Team exits through service elevator. Divido stays, does his own final inspection—tests door locks, checks sightlines from windows for privacy, confirms panic button functionality. Satisfied, he leaves welcome materials on the counter: keys, building information, his personal card with a handwritten note.

[0:46-0:52] Divido exits to lobby. Black SUV pulls up outside. He watches from a distance as client enters building with minimal exposure—two security personnel, no fanfare. Client goes up. Divido gets a text: ""Perfect. Thank you.""

[0:52-0:56] Divido in his car leaving. Voiceover: ""By morning, we'll have three more properties ready for them to view. This is what service at this level actually requires.""

[0:56-0:58] Final shot: Divido's tablet showing tomorrow's schedule—already packed. Screen goes dark.",":28-0:35] One agent shows building's tenant mix analysis. Another presents 10-year district development projections. The client nods, asks one question about property management discretion.

[0:35-0:42] Exterior shot from the terrace—Cairo skyline, but the focus is on the client and Divido having a quiet conversation, pointing at district below. Voiceover: ""By the time they arrive, the decision is 80% made.""

[0:42-0:48] Client signs preliminary documents at a marble counter. One fountain pen. No celebration. Team member makes a single phone call.

[0:48-0:52] Client returns to car. Divido watches departure, then turns back to his team. Final voiceover: ""This is what a $20 million transaction actually looks like.""

---

# CONCEPT 2
Divido conducts a private dinner at an off-market apartment for three potential buyers, positioning himself not as an agent but as a curator matching the right investor to a legacy property. The video challenges the belief that luxury real estate is a competitive bidding war, showing instead how true high-net-worth deals are collaborative and relationship-based.

## HOOK
**VISUAL:** First frame is a table being set in a stunning apartment—Michelin-quality plating, Cairo skyline through floor-to-ceiling windows at dusk. Camera pulls back to reveal this isn't a restaurant—it's a property. Divido enters frame adjusting his cufflinks, surveys the setup with approval.

**SPOKEN (Voiceover begins at second 2):** ""I never list properties above $15 million...""

**Why this works:** Investors 35+ understand that the most valuable opportunities aren't publicly marketed. The unexpected setting (formal dinner in an unlisted property) immediately signals access to a different tier of deal-making. The opening statement contradicts standard real estate practice, demanding explanation.

## SCRIPT
[0:00-0:03] Elegant table setting in apartment. Candles. City lights emerging. Divido walks through, nods to private chef.

[0:03-0:08] Voiceover: ""I never list properties above $15 million. I introduce them."" Three black cars arrive at building entrance below.

[0:08-0:15] Divido greets three guests separately—a European family office manager, a tech entrepreneur, and a private equity principal. Handshakes. Quiet welcomes. Each is given a leather folder as they enter.

[0:15-0:22] They're seated. Divido doesn't sit at the head of the table—he sits in the middle. Voiceover: ""These three investors aren't competing. They're being evaluated.""

[0:22-0:30] First course served. Conversation flows—not about the property yet, but about portfolio strategy, succession planning, Cairo's regulatory environment. Divido listens more than speaks. One of his agents (elegant, composed) provides a discreet data sheet.

[0:30-0:38] Between courses, guests naturally stand and explore. Divido walks with each individually—different conversation for each person. One discusses rental yield privacy. Another asks about seller's motivation. The third inquires about building governance.

[0:38-0:45] Back at the table, the family office manager asks a specific question about ownership structure. Divido answers with precision—no hesitation, just facts. His agent provides supporting documentation within seconds.

[0:45-0:50] Voiceover: ""By dessert, I know which investor should own this property. Sometimes, it's none of them."" Shot of Divido observing the dynamic, reading the room.

[0:50-0:55] Guests depart. One lingers—brief, private conversation with Divido. Handshake. Final voiceover: ""Real estate at this level isn't about selling. It's about alignment.""

---

# CONCEPT 3
Divido and his team prepare for and execute a 48-hour ""property transition"" for a celebrity client relocating to Cairo, showing the unsexy logistics that make luxury seamless. The video dismantles the Instagram fantasy of luxury real estate by showing the operational excellence and discretion that protect client privacy and ensure smooth high-stakes moves.

## HOOK
**VISUAL:** First frame is a close-up of Divido's hand holding a phone showing a flight itinerary—landing time: 22:40. Camera pulls back: he's in a car at night, tablet on his lap with property floor plans, speaking into an earpiece. His expression is focused, not excited.

**SPOKEN (First line at second 1):** ""Client lands in 90 minutes. Property isn't ready.""

**Why this works:** Investors 35+ respect operational competence under pressure. The immediate problem (time constraint + unfinished setup) creates tension without drama. It signals that luxury service isn't about showing properties—it's about solving complex logistical problems with discretion. The calm delivery despite urgency conveys mastery.

## SCRIPT
[0:00-0:04] Divido in car at night, reviewing flight details. Phone to ear: ""Client lands in 90 minutes. Property isn't ready."" Car pulls up to a tower. He exits with purpose.

[0:04-0:10] Elevator up. Voiceover: ""A celebrity's first night in Cairo. Total privacy. Zero mistakes."" Doors open—his team is already inside the apartment, executing a detailed checklist.

[0:10-0:18] Quick cuts showing coordinated activity: One agent confirming smart home system integration. Another overseeing art installation placement (wrapped pieces being carefully positioned). Security specialist installing discrete camera coverage. Refrigerator being stocked with specific dietary requirements from a client profile.

[0:18-0:25] Divido walks through, inspecting. He catches a detail—bathroom amenities are standard building stock. Quiet instruction to an assistant. Within 90 seconds, replacement luxury products arrive from storage. Voiceover: ""They'll never notice what we got right. They'll always notice what we got wrong.""

[0:25-0:33] One of his senior agents approaches with a tablet—building's other residents have been notified of ""scheduled maintenance"" during arrival window to ensure lobby privacy. Underground parking secured. Voiceover: ""Luxury isn't what you see. It's what you never have to think about.""

[0:33-0:40] Divido receives text: client's flight landed early. Team accelerates—no panic, just efficiency. Final checks. Lights adjusted. Temperature set. Window treatments positioned. One agent does a complete walk-through with a checklist.

[0:40-0:46] Team exits through service elevator. Divido stays, does his own final inspection—tests door locks, checks sightlines from windows for privacy, confirms panic button functionality. Satisfied, he leaves welcome materials on the counter: keys, building information, his personal card with a handwritten note.

[0:46-0:52] Divido exits to lobby. Black SUV pulls up outside. He watches from a distance as client enters building with minimal exposure—two security personnel, no fanfare. Client goes up. Divido gets a text: ""Perfect. Thank you.""

[0:52-0:56] Divido in his car leaving. Voiceover: ""By morning, we'll have three more properties ready for them to view. This is what service at this level actually requires.""

[0:56-0:58] Final shot: Divido's tablet showing tomorrow's schedule—already packed. Screen goes dark.",brief_generated,879a27d3-b987-4246-974a-603d0dffefa7,marcel.remus,projectdivido,2026-06-02T20:15:51.099867Z,2026-06-02T20:16:47.583Z,"Great concept, adapted well for Cairo context.",2026-06-02T20:16:52.888Z,Ready for production. Nadeem should film this.,2026-06-02T20:16:52.888Z,,,,91115,1199
508ded3b-542b-4761-812d-a142833a5055,Script from @marcel.remus — Investment Education,tiktok,Investment Education,"## HOOK

**What is seen:** Slow-motion shot of a car landing on a Cairo high-rise rooftop at golden hour, wind rippling through Divido's suit as he stands waiting, checking his watch with calm confidence.

**What is said:** ""Most agents schedule showings. We schedule arrivals."" (Voiceover, calm and matter-of-fact)

**Why this works for investors 35+:** It immediately separates aspirational fantasy from actual operational reality. Mature investors know that真 ultra-high-net-worth clients demand discretion and white-glove service. This isn't showing off—it's showing proof of access to a market tier most agents never touch. It challenges the belief that ""real estate is real estate"" and positions the viewer to see what truly elite service looks like.

","## SCRIPT

1. **Opening (0-3s):** car landing sequence, Divido waiting calmly. VO: ""Most agents schedule showings. We schedule arrivals.""

2. **Scene 2 (4-8s):** Divido greeting the client (face blurred/obscured for privacy) with a subtle handshake. VO: ""When your client's time is worth $50,000 an hour, every detail matters.""

3. **Scene 3 (9-15s):** Walking through the apartment—no speaking, just observing. Client points at the view. Divido nods, listens. VO: ""We don't sell. We curate access.""

4. **Scene 4 (16-20s):** Quick cuts of Divido's team: one agent coordinating with building management via tablet, another reviewing legal documents, a third arranging refreshments. VO: ""While I'm with the client, my team handles everything else.""

5. **Scene 5 (21-25s):** Divido and client on the terrace, overlooking Cairo skyline. Natural conversation (audio lowered, not audible). VO: ""Three properties. Forty minutes. No pressure.""

6. **Scene 6 (26-30s):** Interior car shot (Maybach/Rolls-Royce) - Divido on phone, brief and professional. VO: ""By the time we landed, the offer was already drafted.""

7. **Scene 7 (31-35s):** Subtle handshake in a private office. Contract visible but not readable. VO: ""This is what discretion looks like at $15 million.""

8. **Closing (36-40s):** Divido walking away from camera toward floor-to-ceiling windows, Cairo behind him. VO: ""When you work at this level, reputation isn't built. It's earned. One client at a time.""

---

# CONCEPT 2
**""What a $200K Commission Day Actually Looks Like""**

A day-in-the-life showing the unsexy reality behind a major deal closing. This isn't champagne and celebrations—it's hours of negotiations, problem-solving, and pressure. The concept humanizes Divido while establishing authority: success at this level comes from competence, not charisma.

## HOOK

**What is seen:** Divido sitting alone in a dimly lit office at 11 PM, tie loosened, reviewing documents on multiple screens. City lights glowing behind him through the window.

**What is said:** ""Everyone sees the commission. Nobody sees the 14-hour days."" (Direct to camera, tired but steady)

**Why this works for investors 35+:** It immediately dismantles the ""glamorous agent"" stereotype that mature investors are cynical about. They respect work ethic and competence over flash. This hook says: ""I'm not here to impress you—I'm here because I outwork everyone else."" It builds trust by showing vulnerability and reality, which seasoned investors value over polished performance.

## SCRIPT

1. **Opening (0-3s):** Late night office scene as described. Direct to camera: ""Everyone sees the commission. Nobody sees the 14-hour days.""

2. **Scene 2 (4-6s):** Timestamp: ""6:47 AM"" - Divido in car, on phone with lawyer. Natural audio: ""The financing structure needs to change. Can you send me the revised terms by 9?""

3. **Scene 3 (7-12s):** In property with clients (wealthy-looking couple), calmly addressing concerns. VO: ""The seller wants to close in 30 days. My buyer needs 45. Now I negotiate time, not just price.""

4. **Scene 4 (13-18s):** Team meeting with his agents around a table—strategy session, pointing at screens showing property comparisons. VO: ""A deal this size isn't one person. It's coordination across legal, finance, and three different time zones.""

5. **Scene 5 (19-24s):** Quick problem: Divido on phone, subtle tension. ""The bank needs additional documentation by end of day."" Hangs up, immediately calls someone else. VO: ""When you're handling $50 million, there's no 'I'll do it tomorrow.'""

6. **Scene 6 (25-30s):** One of his female agents brings him updated paperwork, brief professional exchange. VO: ""My team handles what most agents don't even know to ask.""

7. **Scene 7 (31-35s):** Final signing—quiet, professional setting. Handshakes. No champagne, no celebration. Just respect. VO: ""This is the moment. No drama. Just done.""

8. **Closing (36-40s):** Divido back in car at night, exhausted but satisfied. Looks at camera: ""You want to work at this level? Outwork everyone. Every single time.""

---

# CONCEPT 3
**""The Showing My Competitors Told Me Was Impossible""**

Divido takes viewers through a property showing with a notoriously difficult celebrity client (identity protected) who's rejected 30+ properties from other agents. The narrative focuses on preparation, psychology, and understanding what ultra-wealthy clients actually want vs. what they say they want.

## HOOK

**What is seen:** Divido standing in an empty, stunning apartment at sunrise—completely alone, no client yet. He's setting up a small detail: adjusting a coffee setup, positioning chairs to face a specific view.

**What is said:** ""Before my client arrives, I've already made 17 decisions for them."" (Calm, direct to camera)

**Why this works for investors 35+:** Experienced investors understand that execution is in the details. This hook immediately establishes strategic thinking over superficial charm. It signals deep professional competence—the kind that comes from understanding client psychology, not just knowing property specs. It challenges the belief that selling luxury is about showing beautiful spaces; instead, it's about anticipating needs before they're expressed.

## SCRIPT

1. **Opening (0-3s):** Divido alone in apartment, preparing. ""Before my client arrives, I've already made 17 decisions for them.""

2. **Scene 2 (4-8s):** Walking through the space, pointing things out to camera. VO: ""This client rejected 32 properties in 6 months. Other agents showed them what they asked for. I showed them what they actually needed.""

3. **Scene 3 (9-13s):** Flashback-style cut: Divido in his office with a team member reviewing a psychological profile/notes. VO: ""They said they wanted modern. But every property they liked had classical elements. So I stopped listening to words. I started watching patterns.""

4. **Scene 4 (14-18s):** Client arrives (face obscured/blurred, obvious celebrity energy, bodyguard visible in background). Greeting is warm but professional—no fawning. VO: ""When you work with high-profile clients, the first rule is: treat them like a person, not a brand.""

5. **Scene 5 (19-25s):** Walking through property. Divido doesn't talk much—lets the client explore. Occasionally points out subtle details: natural light angles, privacy features, custom storage solutions. VO: ""I don't sell features. I show them how they'll actually live here.""

6. **Scene 6 (26-30s):** Client stops at the view, turns to Divido. Natural conversation (audio muted). Clear body language: client is interested. VO: ""This is the moment most agents talk too much. I let silence do the work.""

7. **Scene 7 (31-35s):** Later—client leaving, handshake, subtle smile. One of Divido's agents (beautiful, professional) hands client a folder. VO: ""They didn't say yes today. But three days later, the offer came through.""

8. **Closing (36-40s):** Divido back in the empty apartment, looking out at Cairo. Turns to camera: ""My competitors showed them 32 properties. I showed them one. Know your client better than they know themselves.""","nversation (audio lowered, not audible). VO: ""Three properties. Forty minutes. No pressure.""

6. **Scene 6 (26-30s):** Interior car shot (Maybach/Rolls-Royce) - Divido on phone, brief and professional. VO: ""By the time we landed, the offer was already drafted.""

7. **Scene 7 (31-35s):** Subtle handshake in a private office. Contract visible but not readable. VO: ""This is what discretion looks like at $15 million.""

8. **Closing (36-40s):** Divido walking away from camera toward floor-to-ceiling windows, Cairo behind him. VO: ""When you work at this level, reputation isn't built. It's earned. One client at a time.""

---

# CONCEPT 2
**""What a $200K Commission Day Actually Looks Like""**

A day-in-the-life showing the unsexy reality behind a major deal closing. This isn't champagne and celebrations—it's hours of negotiations, problem-solving, and pressure. The concept humanizes Divido while establishing authority: success at this level comes from competence, not charisma.

## HOOK

**What is seen:** Divido sitting alone in a dimly lit office at 11 PM, tie loosened, reviewing documents on multiple screens. City lights glowing behind him through the window.

**What is said:** ""Everyone sees the commission. Nobody sees the 14-hour days."" (Direct to camera, tired but steady)

**Why this works for investors 35+:** It immediately dismantles the ""glamorous agent"" stereotype that mature investors are cynical about. They respect work ethic and competence over flash. This hook says: ""I'm not here to impress you—I'm here because I outwork everyone else."" It builds trust by showing vulnerability and reality, which seasoned investors value over polished performance.

## SCRIPT

1. **Opening (0-3s):** Late night office scene as described. Direct to camera: ""Everyone sees the commission. Nobody sees the 14-hour days.""

2. **Scene 2 (4-6s):** Timestamp: ""6:47 AM"" - Divido in car, on phone with lawyer. Natural audio: ""The financing structure needs to change. Can you send me the revised terms by 9?""

3. **Scene 3 (7-12s):** In property with clients (wealthy-looking couple), calmly addressing concerns. VO: ""The seller wants to close in 30 days. My buyer needs 45. Now I negotiate time, not just price.""

4. **Scene 4 (13-18s):** Team meeting with his agents around a table—strategy session, pointing at screens showing property comparisons. VO: ""A deal this size isn't one person. It's coordination across legal, finance, and three different time zones.""

5. **Scene 5 (19-24s):** Quick problem: Divido on phone, subtle tension. ""The bank needs additional documentation by end of day."" Hangs up, immediately calls someone else. VO: ""When you're handling $50 million, there's no 'I'll do it tomorrow.'""

6. **Scene 6 (25-30s):** One of his female agents brings him updated paperwork, brief professional exchange. VO: ""My team handles what most agents don't even know to ask.""

7. **Scene 7 (31-35s):** Final signing—quiet, professional setting. Handshakes. No champagne, no celebration. Just respect. VO: ""This is the moment. No drama. Just done.""

8. **Closing (36-40s):** Divido back in car at night, exhausted but satisfied. Looks at camera: ""You want to work at this level? Outwork everyone. Every single time.""

---

# CONCEPT 3
**""The Showing My Competitors Told Me Was Impossible""**

Divido takes viewers through a property showing with a notoriously difficult celebrity client (identity protected) who's rejected 30+ properties from other agents. The narrative focuses on preparation, psychology, and understanding what ultra-wealthy clients actually want vs. what they say they want.

## HOOK

**What is seen:** Divido standing in an empty, stunning apartment at sunrise—completely alone, no client yet. He's setting up a small detail: adjusting a coffee setup, positioning chairs to face a specific view.

**What is said:** ""Before my client arrives, I've already made 17 decisions for them."" (Calm, direct to camera)

**Why this works for investors 35+:** Experienced investors understand that execution is in the details. This hook immediately establishes strategic thinking over superficial charm. It signals deep professional competence—the kind that comes from understanding client psychology, not just knowing property specs. It challenges the belief that selling luxury is about showing beautiful spaces; instead, it's about anticipating needs before they're expressed.

## SCRIPT

1. **Opening (0-3s):** Divido alone in apartment, preparing. ""Before my client arrives, I've already made 17 decisions for them.""

2. **Scene 2 (4-8s):** Walking through the space, pointing things out to camera. VO: ""This client rejected 32 properties in 6 months. Other agents showed them what they asked for. I showed them what they actually needed.""

3. **Scene 3 (9-13s):** Flashback-style cut: Divido in his office with a team member reviewing a psychological profile/notes. VO: ""They said they wanted modern. But every property they liked had classical elements. So I stopped listening to words. I started watching patterns.""

4. **Scene 4 (14-18s):** Client arrives (face obscured/blurred, obvious celebrity energy, bodyguard visible in background). Greeting is warm but professional—no fawning. VO: ""When you work with high-profile clients, the first rule is: treat them like a person, not a brand.""

5. **Scene 5 (19-25s):** Walking through property. Divido doesn't talk much—lets the client explore. Occasionally points out subtle details: natural light angles, privacy features, custom storage solutions. VO: ""I don't sell features. I show them how they'll actually live here.""

6. **Scene 6 (26-30s):** Client stops at the view, turns to Divido. Natural conversation (audio muted). Clear body language: client is interested. VO: ""This is the moment most agents talk too much. I let silence do the work.""

7. **Scene 7 (31-35s):** Later—client leaving, handshake, subtle smile. One of Divido's agents (beautiful, professional) hands client a folder. VO: ""They didn't say yes today. But three days later, the offer came through.""

8. **Closing (36-40s):** Divido back in the empty apartment, looking out at Cairo. Turns to camera: ""My competitors showed them 32 properties. I showed them one. Know your client better than they know themselves.""",generated,d301c0cb-d709-46c7-9120-8001c3aa89c7,marcel.remus,projectdivido,2026-06-02T20:15:51.099867Z,,,,,,,,,91250,1200
5d43f1da-5711-4a9f-9bb8-02317e2f9c32,Script from @ryanserhant — Real Estate,tiktok,Real Estate,"## HOOK
**VISUAL:** Divido standing in a apartment with floor-to-ceiling windows overlooking Cairo Downtown at golden hour, wearing a tailored suit, holding an iPad, looking directly at camera with calm confidence.

**TEXT OVERLAY:** ""MOST WEALTHY BUYERS""

**SPOKEN:** ""Most of my wealthy clients never saw the property before they bought it.""

**Why this works:** It immediately challenges the investor's assumption that thorough property inspection is essential. For 35+ investors, this creates cognitive dissonance—they've been taught to be cautious, yet successful people apparently do the opposite. The setting establishes luxury context without saying it.

","## SCRIPT

1. ""Most of my wealthy clients never saw the property before they bought it. Not because they're reckless—because they understand something most people don't.""

2. *[Walking slowly through the apartment]* ""While everyone else is scheduling second viewings and overthinking floor plans, the real opportunity window closes. In Cairo's premium market, hesitation costs you more than a decision ever could.""

3. *[Gesture toward the view]* ""The difference? They invest in the right advisor first, not just the right property. They know that in this market, access beats analysis.""

4. *[Cut to Divido in modern office with his team visible in background]* ""When you work at this level, you're not just buying square meters. You're buying into networks, early access, and deals that never hit the public market.""

5. *[Close-up, calm and direct]* ""My clients trust the process because we've already done what they would spend months trying to do themselves. And by the time they land in Cairo, it's to collect keys, not make decisions.""

6. *[Final shot overlooking Cairo skyline]* ""So the question isn't whether you need to see it first. It's whether you have the right person showing you what others won't even know exists.""

---

# CONCEPT 2
**""The most expensive homes in Cairo have the shortest listings""**

This video reveals that Cairo's true luxury inventory never appears on public platforms, and waiting to ""see what's available"" means you're already seeing yesterday's options—challenging the belief that research and patience equal better deals.

## HOOK
**VISUAL:** Divido sitting in the back of a luxury car (Rolls Royce/Bentley) in motion at night, Cairo lights blurred in the background, leaning forward slightly toward camera with a knowing expression.

**TEXT OVERLAY:** ""THE PROPERTIES YOU SEE ONLINE""

**SPOKEN:** ""The properties you're researching online? My clients already passed on them.""

**Why this works:** Instantly creates FOMO and positions the viewer as ""behind"" without being aggressive. For established investors 35+, this taps into their competitive nature and fear of missing exclusive opportunities. The car setting subtly communicates the lifestyle without being ostentatious.

## SCRIPT

1. ""The properties you're researching online? My clients already passed on them. And I don't mean that to sound harsh—it's just how this market actually works.""

2. *[Cut to Divido walking through a private building lobby]* ""In Cairo's premium segment, the best inventory never goes public. It moves through private networks, direct developer relationships, and conversations that happen before anything gets listed.""

3. *[Stops, turns to camera]* ""Most investors think doing their homework means browsing portals for weeks. But that's not research—that's looking at what everyone else already rejected or what developers couldn't sell privately.""

4. *[Montage: brief shots of his team in meetings, luxury interiors, but no lingering]* ""We work with clients who need to know about opportunities 60 to 90 days before the market does. Not because they're impatient—because at this price point, inventory doesn't wait.""

5. *[Back to Divido, now in a modern office, seated, calm]* ""When you're investing at this level, access is everything. The property isn't just about location and layout anymore. It's about who knew about it first.""

6. *[Final frame: Divido standing, skyline behind]* ""So if you're serious about Cairo's luxury market, stop researching what's available. Start asking who has access to what isn't.""

---

# CONCEPT 3
**""My clients don't negotiate—and they pay less""**

This video dismantles the common belief that aggressive negotiation saves money in luxury real estate, showing instead how relationships, timing, and insider positioning deliver better financial outcomes without the friction.

## HOOK
**VISUAL:** Divido in a sleek, minimalist office, sitting casually on the edge of a modern desk, arms crossed, direct eye contact with camera. One of his female agents is visible in soft focus in the background, on a phone call.

**TEXT OVERLAY:** ""MOST PEOPLE THINK""

**SPOKEN:** ""Most people think negotiation is how you save money in real estate. My clients never negotiate—and they still pay less.""

**Why this works:** It flips conventional investor wisdom on its head, creating immediate intrigue. For 35+ high-net-worth individuals who value efficiency over combat, this reframes ""winning"" in a more sophisticated way. The office and team presence communicate scale and professionalism.

## SCRIPT

1. ""Most people think negotiation is how you save money in real estate. My clients never negotiate—and they still pay less. Let me explain why.""

2. *[Stands, starts walking through the office]* ""Negotiation is what happens when you're on the outside trying to get in. But when you're positioned correctly, the best terms come before you even ask.""

3. *[Stops by a window]* ""In Cairo's luxury market, developers and sellers don't want friction—they want certainty. And they'll reward the buyers who can move decisively, who come pre-qualified, and who are introduced through the right channels.""

4. *[Cut to Divido seated across from one of his agents reviewing a tablet]* ""We structure our clients' positioning so that by the time they're presented as a buyer, they're already the preferred option. No back-and-forth. No posturing. Just respect and terms that reflect it.""

5. *[Direct to camera again, calm authority]* ""The clients we work with understand that relationships compound. A developer who knows we close without drama will call us first when something special becomes available—and the price reflects that trust.""

6. *[Final shot: Divido walking toward camera in a luxury building corridor]* ""So if you're still thinking negotiation is power, you're playing an old game. In this market, positioning is everything. And positioning happens long before the offer.""

7. *[Soft close]* ""We build that positioning for our clients every single day. The question is whether you want to keep fighting for deals, or start being offered them.""","ot make decisions.""

6. *[Final shot overlooking Cairo skyline]* ""So the question isn't whether you need to see it first. It's whether you have the right person showing you what others won't even know exists.""

---

# CONCEPT 2
**""The most expensive homes in Cairo have the shortest listings""**

This video reveals that Cairo's true luxury inventory never appears on public platforms, and waiting to ""see what's available"" means you're already seeing yesterday's options—challenging the belief that research and patience equal better deals.

## HOOK
**VISUAL:** Divido sitting in the back of a luxury car (Rolls Royce/Bentley) in motion at night, Cairo lights blurred in the background, leaning forward slightly toward camera with a knowing expression.

**TEXT OVERLAY:** ""THE PROPERTIES YOU SEE ONLINE""

**SPOKEN:** ""The properties you're researching online? My clients already passed on them.""

**Why this works:** Instantly creates FOMO and positions the viewer as ""behind"" without being aggressive. For established investors 35+, this taps into their competitive nature and fear of missing exclusive opportunities. The car setting subtly communicates the lifestyle without being ostentatious.

## SCRIPT

1. ""The properties you're researching online? My clients already passed on them. And I don't mean that to sound harsh—it's just how this market actually works.""

2. *[Cut to Divido walking through a private building lobby]* ""In Cairo's premium segment, the best inventory never goes public. It moves through private networks, direct developer relationships, and conversations that happen before anything gets listed.""

3. *[Stops, turns to camera]* ""Most investors think doing their homework means browsing portals for weeks. But that's not research—that's looking at what everyone else already rejected or what developers couldn't sell privately.""

4. *[Montage: brief shots of his team in meetings, luxury interiors, but no lingering]* ""We work with clients who need to know about opportunities 60 to 90 days before the market does. Not because they're impatient—because at this price point, inventory doesn't wait.""

5. *[Back to Divido, now in a modern office, seated, calm]* ""When you're investing at this level, access is everything. The property isn't just about location and layout anymore. It's about who knew about it first.""

6. *[Final frame: Divido standing, skyline behind]* ""So if you're serious about Cairo's luxury market, stop researching what's available. Start asking who has access to what isn't.""

---

# CONCEPT 3
**""My clients don't negotiate—and they pay less""**

This video dismantles the common belief that aggressive negotiation saves money in luxury real estate, showing instead how relationships, timing, and insider positioning deliver better financial outcomes without the friction.

## HOOK
**VISUAL:** Divido in a sleek, minimalist office, sitting casually on the edge of a modern desk, arms crossed, direct eye contact with camera. One of his female agents is visible in soft focus in the background, on a phone call.

**TEXT OVERLAY:** ""MOST PEOPLE THINK""

**SPOKEN:** ""Most people think negotiation is how you save money in real estate. My clients never negotiate—and they still pay less.""

**Why this works:** It flips conventional investor wisdom on its head, creating immediate intrigue. For 35+ high-net-worth individuals who value efficiency over combat, this reframes ""winning"" in a more sophisticated way. The office and team presence communicate scale and professionalism.

## SCRIPT

1. ""Most people think negotiation is how you save money in real estate. My clients never negotiate—and they still pay less. Let me explain why.""

2. *[Stands, starts walking through the office]* ""Negotiation is what happens when you're on the outside trying to get in. But when you're positioned correctly, the best terms come before you even ask.""

3. *[Stops by a window]* ""In Cairo's luxury market, developers and sellers don't want friction—they want certainty. And they'll reward the buyers who can move decisively, who come pre-qualified, and who are introduced through the right channels.""

4. *[Cut to Divido seated across from one of his agents reviewing a tablet]* ""We structure our clients' positioning so that by the time they're presented as a buyer, they're already the preferred option. No back-and-forth. No posturing. Just respect and terms that reflect it.""

5. *[Direct to camera again, calm authority]* ""The clients we work with understand that relationships compound. A developer who knows we close without drama will call us first when something special becomes available—and the price reflects that trust.""

6. *[Final shot: Divido walking toward camera in a luxury building corridor]* ""So if you're still thinking negotiation is power, you're playing an old game. In this market, positioning is everything. And positioning happens long before the offer.""

7. *[Soft close]* ""We build that positioning for our clients every single day. The question is whether you want to keep fighting for deals, or start being offered them.""",generated,94edd2af-c4fd-4189-b37d-e7ebf31ec10c,ryanserhant,projectdivido,2026-06-02T20:15:51.099867Z,,,,,,,,,3460024,15715
075f4910-9987-4579-bfaa-3e19aa936365,Script from @marcel.remus — Bank Certificate Trap,tiktok,Bank Certificate Trap,"## HOOK
**VISUAL:** First frame shows a helicopter landing on a rooftop at golden hour, camera at ground level. A well-dressed client steps out, briefcase in hand, greeted by FABO in a tailored suit—no handshake, just a subtle nod. Second 2-3: They walk toward a penthouse entrance in silence.

**SPOKEN (Voiceover begins at second 3):** ""Most people think luxury real estate is about the property...""

**Why this works:** Investors 35+ recognize that real deals happen quietly, not loudly. The helicopter signals serious capital without being gaudy, and the calm arrival suggests this is routine business, not theater. The opening line immediately challenges the surface-level understanding of luxury transactions, promising insider perspective.

","## SCRIPT
[0:00-0:03] Helicopter touches down. Client exits. FABO waits. No smiles, just professional acknowledgment.

[0:03-0:08] Walking through the penthouse entrance. Voiceover: ""Most people think luxury real estate is about the property. It's not.""

[0:08-0:14] FABO's team—three agents in understated elegance—are already inside, each stationed at strategic points. One reviews documents, another adjusts window treatments for optimal light, the third speaks quietly with the building's portfolio manager.

[0:14-0:20] Voiceover: ""It's about the 60 hours of preparation you never see."" Quick cuts: title deed verification, privacy compliance checks, wealth manager coordination calls.

[0:20-0:28] The client walks through spaces slowly. No hard sell. FABO points out structural details—column placement, acoustic engineering, discrete service elevator access. His team provides folders without speaking.

[0:28-0:35] One agent shows building's tenant mix analysis. Another presents 10-year district development projections. The client nods, asks one question about property management discretion.

[0:35-0:42] Exterior shot from the terrace—Dubai skyline, but the focus is on the client and FABO having a quiet conversation, pointing at district below. Voiceover: ""By the time they arrive, the decision is 80% made.""

[0:42-0:48] Client signs preliminary documents at a marble counter. One fountain pen. No celebration. Team member makes a single phone call.

[0:48-0:52] Client returns to helicopter. FABO watches departure, then turns back to his team. Final voiceover: ""This is what a $20 million transaction actually looks like.""

---

# CONCEPT 2
FABO conducts a private dinner at an off-market penthouse for three potential buyers, positioning himself not as an agent but as a curator matching the right investor to a legacy property. The video challenges the belief that luxury real estate is a competitive bidding war, showing instead how true high-net-worth deals are collaborative and relationship-based.

## HOOK
**VISUAL:** First frame is a table being set in a stunning penthouse—Michelin-quality plating, Dubai skyline through floor-to-ceiling windows at dusk. Camera pulls back to reveal this isn't a restaurant—it's a property. FABO enters frame adjusting his cufflinks, surveys the setup with approval.

**SPOKEN (Voiceover begins at second 2):** ""I never list properties above $15 million...""

**Why this works:** Investors 35+ understand that the most valuable opportunities aren't publicly marketed. The unexpected setting (formal dinner in an unlisted property) immediately signals access to a different tier of deal-making. The opening statement contradicts standard real estate practice, demanding explanation.

## SCRIPT
[0:00-0:03] Elegant table setting in penthouse. Candles. City lights emerging. FABO walks through, nods to private chef.

[0:03-0:08] Voiceover: ""I never list properties above $15 million. I introduce them."" Three black cars arrive at building entrance below.

[0:08-0:15] FABO greets three guests separately—a European family office manager, a tech entrepreneur, and a private equity principal. Handshakes. Quiet welcomes. Each is given a leather folder as they enter.

[0:15-0:22] They're seated. FABO doesn't sit at the head of the table—he sits in the middle. Voiceover: ""These three investors aren't competing. They're being evaluated.""

[0:22-0:30] First course served. Conversation flows—not about the property yet, but about portfolio strategy, succession planning, Dubai's regulatory environment. FABO listens more than speaks. One of his agents (elegant, composed) provides a discreet data sheet.

[0:30-0:38] Between courses, guests naturally stand and explore. FABO walks with each individually—different conversation for each person. One discusses rental yield privacy. Another asks about seller's motivation. The third inquires about building governance.

[0:38-0:45] Back at the table, the family office manager asks a specific question about ownership structure. FABO answers with precision—no hesitation, just facts. His agent provides supporting documentation within seconds.

[0:45-0:50] Voiceover: ""By dessert, I know which investor should own this property. Sometimes, it's none of them."" Shot of FABO observing the dynamic, reading the room.

[0:50-0:55] Guests depart. One lingers—brief, private conversation with FABO. Handshake. Final voiceover: ""Real estate at this level isn't about selling. It's about alignment.""

---

# CONCEPT 3
FABO and his team prepare for and execute a 48-hour ""property transition"" for a celebrity client relocating to Dubai, showing the unsexy logistics that make luxury seamless. The video dismantles the Instagram fantasy of luxury real estate by showing the operational excellence and discretion that protect client privacy and ensure smooth high-stakes moves.

## HOOK
**VISUAL:** First frame is a close-up of FABO's hand holding a phone showing a flight itinerary—landing time: 22:40. Camera pulls back: he's in a car at night, tablet on his lap with property floor plans, speaking into an earpiece. His expression is focused, not excited.

**SPOKEN (First line at second 1):** ""Client lands in 90 minutes. Property isn't ready.""

**Why this works:** Investors 35+ respect operational competence under pressure. The immediate problem (time constraint + unfinished setup) creates tension without drama. It signals that luxury service isn't about showing properties—it's about solving complex logistical problems with discretion. The calm delivery despite urgency conveys mastery.

## SCRIPT
[0:00-0:04] FABO in car at night, reviewing flight details. Phone to ear: ""Client lands in 90 minutes. Property isn't ready."" Car pulls up to a tower. He exits with purpose.

[0:04-0:10] Elevator up. Voiceover: ""A celebrity's first night in Dubai. Total privacy. Zero mistakes."" Doors open—his team is already inside the penthouse, executing a detailed checklist.

[0:10-0:18] Quick cuts showing coordinated activity: One agent confirming smart home system integration. Another overseeing art installation placement (wrapped pieces being carefully positioned). Security specialist installing discrete camera coverage. Refrigerator being stocked with specific dietary requirements from a client profile.

[0:18-0:25] FABO walks through, inspecting. He catches a detail—bathroom amenities are standard building stock. Quiet instruction to an assistant. Within 90 seconds, replacement luxury products arrive from storage. Voiceover: ""They'll never notice what we got right. They'll always notice what we got wrong.""

[0:25-0:33] One of his senior agents approaches with a tablet—building's other residents have been notified of ""scheduled maintenance"" during arrival window to ensure lobby privacy. Underground parking secured. Voiceover: ""Luxury isn't what you see. It's what you never have to think about.""

[0:33-0:40] FABO receives text: client's flight landed early. Team accelerates—no panic, just efficiency. Final checks. Lights adjusted. Temperature set. Window treatments positioned. One agent does a complete walk-through with a checklist.

[0:40-0:46] Team exits through service elevator. FABO stays, does his own final inspection—tests door locks, checks sightlines from windows for privacy, confirms panic button functionality. Satisfied, he leaves welcome materials on the counter: keys, building information, his personal card with a handwritten note.

[0:46-0:52] FABO exits to lobby. Black SUV pulls up outside. He watches from a distance as client enters building with minimal exposure—two security personnel, no fanfare. Client goes up. FABO gets a text: ""Perfect. Thank you.""

[0:52-0:56] FABO in his car leaving. Voiceover: ""By morning, we'll have three more properties ready for them to view. This is what service at this level actually requires.""

[0:56-0:58] Final shot: FABO's tablet showing tomorrow's schedule—already packed. Screen goes dark.",":28-0:35] One agent shows building's tenant mix analysis. Another presents 10-year district development projections. The client nods, asks one question about property management discretion.

[0:35-0:42] Exterior shot from the terrace—Dubai skyline, but the focus is on the client and FABO having a quiet conversation, pointing at district below. Voiceover: ""By the time they arrive, the decision is 80% made.""

[0:42-0:48] Client signs preliminary documents at a marble counter. One fountain pen. No celebration. Team member makes a single phone call.

[0:48-0:52] Client returns to helicopter. FABO watches departure, then turns back to his team. Final voiceover: ""This is what a $20 million transaction actually looks like.""

---

# CONCEPT 2
FABO conducts a private dinner at an off-market penthouse for three potential buyers, positioning himself not as an agent but as a curator matching the right investor to a legacy property. The video challenges the belief that luxury real estate is a competitive bidding war, showing instead how true high-net-worth deals are collaborative and relationship-based.

## HOOK
**VISUAL:** First frame is a table being set in a stunning penthouse—Michelin-quality plating, Dubai skyline through floor-to-ceiling windows at dusk. Camera pulls back to reveal this isn't a restaurant—it's a property. FABO enters frame adjusting his cufflinks, surveys the setup with approval.

**SPOKEN (Voiceover begins at second 2):** ""I never list properties above $15 million...""

**Why this works:** Investors 35+ understand that the most valuable opportunities aren't publicly marketed. The unexpected setting (formal dinner in an unlisted property) immediately signals access to a different tier of deal-making. The opening statement contradicts standard real estate practice, demanding explanation.

## SCRIPT
[0:00-0:03] Elegant table setting in penthouse. Candles. City lights emerging. FABO walks through, nods to private chef.

[0:03-0:08] Voiceover: ""I never list properties above $15 million. I introduce them."" Three black cars arrive at building entrance below.

[0:08-0:15] FABO greets three guests separately—a European family office manager, a tech entrepreneur, and a private equity principal. Handshakes. Quiet welcomes. Each is given a leather folder as they enter.

[0:15-0:22] They're seated. FABO doesn't sit at the head of the table—he sits in the middle. Voiceover: ""These three investors aren't competing. They're being evaluated.""

[0:22-0:30] First course served. Conversation flows—not about the property yet, but about portfolio strategy, succession planning, Dubai's regulatory environment. FABO listens more than speaks. One of his agents (elegant, composed) provides a discreet data sheet.

[0:30-0:38] Between courses, guests naturally stand and explore. FABO walks with each individually—different conversation for each person. One discusses rental yield privacy. Another asks about seller's motivation. The third inquires about building governance.

[0:38-0:45] Back at the table, the family office manager asks a specific question about ownership structure. FABO answers with precision—no hesitation, just facts. His agent provides supporting documentation within seconds.

[0:45-0:50] Voiceover: ""By dessert, I know which investor should own this property. Sometimes, it's none of them."" Shot of FABO observing the dynamic, reading the room.

[0:50-0:55] Guests depart. One lingers—brief, private conversation with FABO. Handshake. Final voiceover: ""Real estate at this level isn't about selling. It's about alignment.""

---

# CONCEPT 3
FABO and his team prepare for and execute a 48-hour ""property transition"" for a celebrity client relocating to Dubai, showing the unsexy logistics that make luxury seamless. The video dismantles the Instagram fantasy of luxury real estate by showing the operational excellence and discretion that protect client privacy and ensure smooth high-stakes moves.

## HOOK
**VISUAL:** First frame is a close-up of FABO's hand holding a phone showing a flight itinerary—landing time: 22:40. Camera pulls back: he's in a car at night, tablet on his lap with property floor plans, speaking into an earpiece. His expression is focused, not excited.

**SPOKEN (First line at second 1):** ""Client lands in 90 minutes. Property isn't ready.""

**Why this works:** Investors 35+ respect operational competence under pressure. The immediate problem (time constraint + unfinished setup) creates tension without drama. It signals that luxury service isn't about showing properties—it's about solving complex logistical problems with discretion. The calm delivery despite urgency conveys mastery.

## SCRIPT
[0:00-0:04] FABO in car at night, reviewing flight details. Phone to ear: ""Client lands in 90 minutes. Property isn't ready."" Car pulls up to a tower. He exits with purpose.

[0:04-0:10] Elevator up. Voiceover: ""A celebrity's first night in Dubai. Total privacy. Zero mistakes."" Doors open—his team is already inside the penthouse, executing a detailed checklist.

[0:10-0:18] Quick cuts showing coordinated activity: One agent confirming smart home system integration. Another overseeing art installation placement (wrapped pieces being carefully positioned). Security specialist installing discrete camera coverage. Refrigerator being stocked with specific dietary requirements from a client profile.

[0:18-0:25] FABO walks through, inspecting. He catches a detail—bathroom amenities are standard building stock. Quiet instruction to an assistant. Within 90 seconds, replacement luxury products arrive from storage. Voiceover: ""They'll never notice what we got right. They'll always notice what we got wrong.""

[0:25-0:33] One of his senior agents approaches with a tablet—building's other residents have been notified of ""scheduled maintenance"" during arrival window to ensure lobby privacy. Underground parking secured. Voiceover: ""Luxury isn't what you see. It's what you never have to think about.""

[0:33-0:40] FABO receives text: client's flight landed early. Team accelerates—no panic, just efficiency. Final checks. Lights adjusted. Temperature set. Window treatments positioned. One agent does a complete walk-through with a checklist.

[0:40-0:46] Team exits through service elevator. FABO stays, does his own final inspection—tests door locks, checks sightlines from windows for privacy, confirms panic button functionality. Satisfied, he leaves welcome materials on the counter: keys, building information, his personal card with a handwritten note.

[0:46-0:52] FABO exits to lobby. Black SUV pulls up outside. He watches from a distance as client enters building with minimal exposure—two security personnel, no fanfare. Client goes up. FABO gets a text: ""Perfect. Thank you.""

[0:52-0:56] FABO in his car leaving. Voiceover: ""By morning, we'll have three more properties ready for them to view. This is what service at this level actually requires.""

[0:56-0:58] Final shot: FABO's tablet showing tomorrow's schedule—already packed. Screen goes dark.",generated,879a27d3-b987-4246-974a-603d0dffefa7,marcel.remus,FABODXB,2026-06-02T20:16:59.815Z,,,,,,,,,0,0
